full_name,stars,watchers,forks,stars_delta,watchers_delta,forks_delta,url
shareAI-lab/learn-claude-code,70769,70769,11524,0,0,0,https://github.com/shareAI-lab/learn-claude-code
ChinaSiro/claude-code-sourcemap,9533,9533,14696,0,0,0,https://github.com/ChinaSiro/claude-code-sourcemap
Alishahryar1/free-claude-code,39812,39812,6499,0,0,0,https://github.com/Alishahryar1/free-claude-code
pengchengneo/Claude-Code,1635,1635,2531,0,0,0,https://github.com/pengchengneo/Claude-Code
hesreallyhim/awesome-claude-code,49882,49882,4357,0,0,0,https://github.com/hesreallyhim/awesome-claude-code
shanraisshan/claude-code-best-practice,62492,62492,6249,0,0,0,https://github.com/shanraisshan/claude-code-best-practice
musistudio/claude-code-router,35753,35753,2950,0,0,0,https://github.com/musistudio/claude-code-router
davila7/claude-code-templates,29264,29264,3205,0,0,0,https://github.com/davila7/claude-code-templates
LING71671/Open-ClaudeCode,915,915,1218,0,0,0,https://github.com/LING71671/Open-ClaudeCode
Donchitos/Claude-Code-Game-Studios,22907,22907,3287,0,0,0,https://github.com/Donchitos/Claude-Code-Game-Studios
VoltAgent/awesome-claude-code-subagents,23241,23241,2711,0,0,0,https://github.com/VoltAgent/awesome-claude-code-subagents
oboard/claude-code-rev,3250,3250,3826,0,0,0,https://github.com/oboard/claude-code-rev
ponponon/claude_code_src,2315,2315,3534,0,0,0,https://github.com/ponponon/claude_code_src
anthropics/claude-code-action,8332,8332,1963,0,0,0,https://github.com/anthropics/claude-code-action
Piebald-AI/claude-code-system-prompts,11783,11783,2002,0,0,0,https://github.com/Piebald-AI/claude-code-system-prompts
liuup/claude-code-analysis,3518,3518,1947,0,0,0,https://github.com/liuup/claude-code-analysis
diet103/claude-code-infrastructure-showcase,9736,9736,1214,0,0,0,https://github.com/diet103/claude-code-infrastructure-showcase
pedrohcgs/claude-code-my-workflow,1402,1402,2752,0,0,0,https://github.com/pedrohcgs/claude-code-my-workflow
frankbria/ralph-claude-code,9530,9530,727,0,0,0,https://github.com/frankbria/ralph-claude-code
ykdojo/claude-code-tips,9213,9213,721,0,0,0,https://github.com/ykdojo/claude-code-tips
chauncygu/collection-claude-code-source-code,2754,2754,2430,0,0,0,https://github.com/chauncygu/collection-claude-code-source-code
hangsman/claude-code-source,787,787,1759,0,0,0,https://github.com/hangsman/claude-code-source
lintsinghua/claude-code-book,3910,3910,792,0,0,0,https://github.com/lintsinghua/claude-code-book
ChrisWiles/claude-code-showcase,5990,5990,560,0,0,0,https://github.com/ChrisWiles/claude-code-showcase
wanshuiyin/Auto-claude-code-research-in-sleep,13318,13318,1201,0,0,0,https://github.com/wanshuiyin/Auto-claude-code-research-in-sleep
huangserva/claude-code-cli,618,618,1309,0,0,0,https://github.com/huangserva/claude-code-cli
OneRedOak/claude-code-workflows,3880,3880,564,0,0,0,https://github.com/OneRedOak/claude-code-workflows
FlorianBruniaux/claude-code-ultimate-guide,5424,5424,710,0,0,0,https://github.com/FlorianBruniaux/claude-code-ultimate-guide
nicedreamzapp/claude-code-local,2935,2935,563,0,0,0,https://github.com/nicedreamzapp/claude-code-local
1rgs/claude-code-proxy,3685,3685,480,0,0,0,https://github.com/1rgs/claude-code-proxy
zebbern/claude-code-guide,4397,4397,445,0,0,0,https://github.com/zebbern/claude-code-guide
anthropics/claude-code-security-review,5527,5527,587,0,0,0,https://github.com/anthropics/claude-code-security-review
lorryjovens-hub/claude-code-rust,1666,1666,639,0,0,0,https://github.com/lorryjovens-hub/claude-code-rust
disler/claude-code-hooks-mastery,3825,3825,628,0,0,0,https://github.com/disler/claude-code-hooks-mastery
affaan-m/ECC,228976,228976,35105,0,0,0,https://github.com/affaan-m/ECC
rohitg00/awesome-claude-code-toolkit,2305,2305,795,0,0,0,https://github.com/rohitg00/awesome-claude-code-toolkit
zstmfhy/Claude-code,190,190,284,0,0,0,https://github.com/zstmfhy/Claude-code
alejandrobalderas/claude-code-from-source,2700,2700,741,0,0,0,https://github.com/alejandrobalderas/claude-code-from-source
Maciek-roboblog/Claude-Code-Usage-Monitor,8435,8435,433,0,0,0,https://github.com/Maciek-roboblog/Claude-Code-Usage-Monitor
Windy3f3f3f3f/how-claude-code-works,3144,3144,665,0,0,0,https://github.com/Windy3f3f3f3f/how-claude-code-works
777genius/claude-code-source-code,920,920,1098,0,0,0,https://github.com/777genius/claude-code-source-code
ding113/claude-code-hub,3236,3236,374,0,0,0,https://github.com/ding113/claude-code-hub
fuergaosi233/claude-code-proxy,2722,2722,404,0,0,0,https://github.com/fuergaosi233/claude-code-proxy
RichardAtCT/claude-code-telegram,2731,2731,401,0,0,0,https://github.com/RichardAtCT/claude-code-telegram
kodu-ai/claude-coder,5257,5257,198,0,0,0,https://github.com/kodu-ai/claude-coder
Yuyz0112/claude-code-reverse,2399,2399,406,0,0,0,https://github.com/Yuyz0112/claude-code-reverse
fazxes/Claude-code,225,225,216,0,0,0,https://github.com/fazxes/Claude-code
SeemSeam/claude_codex_bridge,3249,3249,315,0,0,0,https://github.com/SeemSeam/claude_codex_bridge
Cranot/claude-code-guide,2842,2842,320,0,0,0,https://github.com/Cranot/claude-code-guide
multica-ai/andrej-karpathy-skills,191274,191274,19637,0,0,0,https://github.com/multica-ai/andrej-karpathy-skills
Windy3f3f3f3f/claude-code-from-scratch,2255,2255,483,0,0,0,https://github.com/Windy3f3f3f3f/claude-code-from-scratch
luyao618/Claude-Code-Source-Study,1601,1601,553,0,0,0,https://github.com/luyao618/Claude-Code-Source-Study
Chachamaru127/claude-code-harness,2967,2967,288,0,0,0,https://github.com/Chachamaru127/claude-code-harness
https-deeplearning-ai/sc-claude-code-files,533,533,806,0,0,0,https://github.com/https-deeplearning-ai/sc-claude-code-files
repowise-dev/claude-code-prompts,1156,1156,386,0,0,0,https://github.com/repowise-dev/claude-code-prompts
AprilNEA/claude-code-source,391,391,611,0,0,0,https://github.com/AprilNEA/claude-code-source
anthropics/claude-code-base-action,902,902,611,0,0,0,https://github.com/anthropics/claude-code-base-action
anthropics/skills,160608,160608,18959,0,0,0,https://github.com/anthropics/skills
guanshan/ClaudeCode,61,61,213,0,0,0,https://github.com/guanshan/ClaudeCode
JrCx7scC/claude-code-source,371,371,547,0,0,0,https://github.com/JrCx7scC/claude-code-source
edmund-io/edmunds-claude-code,1481,1481,286,0,0,0,https://github.com/edmund-io/edmunds-claude-code
huangjia2019/claude-code-engineering,970,970,346,0,0,0,https://github.com/huangjia2019/claude-code-engineering
Pimzino/claude-code-spec-workflow,3792,3792,265,0,0,0,https://github.com/Pimzino/claude-code-spec-workflow
carlvellotti/claude-code-pm-course,2131,2131,350,0,0,0,https://github.com/carlvellotti/claude-code-pm-course
jqueryscript/awesome-claude-code,466,466,451,0,0,0,https://github.com/jqueryscript/awesome-claude-code
Yeachan-Heo/oh-my-claudecode,37707,37707,3405,0,0,0,https://github.com/Yeachan-Heo/oh-my-claudecode
feiskyer/claude-code-settings,1587,1587,237,0,0,0,https://github.com/feiskyer/claude-code-settings
andrew-kramer-inno/claude-code-source-build,594,594,524,0,0,0,https://github.com/andrew-kramer-inno/claude-code-source-build
AICoderTudou/claude-code-tudou,498,498,395,0,0,0,https://github.com/AICoderTudou/claude-code-tudou
disler/pi-vs-claude-code,1478,1478,353,0,0,0,https://github.com/disler/pi-vs-claude-code
alirezarezvani/claude-skills,22400,22400,3120,0,0,0,https://github.com/alirezarezvani/claude-skills
krusemediallc/arcads-claude-code,1004,1004,270,0,0,0,https://github.com/krusemediallc/arcads-claude-code
VILA-Lab/Dive-into-Claude-Code,1879,1879,287,0,0,0,https://github.com/VILA-Lab/Dive-into-Claude-Code
darcyegb/ClaudeCodeAgents,747,747,68,0,0,0,https://github.com/darcyegb/ClaudeCodeAgents
jeremylongshore/claude-code-plugins-plus-skills,2511,2511,360,0,0,0,https://github.com/jeremylongshore/claude-code-plugins-plus-skills
digitalsamba/claude-code-video-toolkit,1734,1734,294,0,0,0,https://github.com/digitalsamba/claude-code-video-toolkit
router-for-me/CLIProxyAPI,40917,40917,6649,0,0,0,https://github.com/router-for-me/CLIProxyAPI
KPR111/Claude-Code,18,18,325,0,0,0,https://github.com/KPR111/Claude-Code
centminmod/my-claude-code-setup,2505,2505,238,0,0,0,https://github.com/centminmod/my-claude-code-setup
OrcaWhisper/Claude-Code,83,83,164,0,0,0,https://github.com/OrcaWhisper/Claude-Code
luongnv89/claude-howto,39714,39714,4800,0,0,0,https://github.com/luongnv89/claude-howto
xu-xiang/everything-claude-code-zh,1631,1631,275,0,0,0,https://github.com/xu-xiang/everything-claude-code-zh
simonw/claude-code-transcripts,1614,1614,190,0,0,0,https://github.com/simonw/claude-code-transcripts
